-BEGIN HEADER-,,,,,,,
NASA/POWER Source Native Resolution Daily Data,,,,,,,
Dates (month/day/year): 06/28/2018 through 06/28/2019 in LST,,,,,,,
Location: Regional,,,,,,,
elevation from MERRA-2: Average for 0.5 x 0.625 degree lat/lon region = na meters,,,,,,,
The value for missing source data that cannot be computed or is outside of the sources availability range: -999,,,,,,,
parameter(s):,,,,,,,
ALLSKY_SFC_UV_INDEX     CERES SYN1deg All Sky Surface UV Index (W m-2 x 40),,,,,,,
-END HEADER-,,,,,,,
LAT,LON,YEAR,DOY,ALLSKY_SFC_UV_INDEX,Scaling Factor,,2018 UV Avg
41.5,-83.5,2018,179,2.47,,,0.939197861
41.5,-82.5,2018,179,2.37,,,
42.5,-83.5,2018,179,2.39,,,
42.5,-82.5,2018,179,2.38,,,
41.5,-83.5,2018,180,2.5,,,
41.5,-82.5,2018,180,2.43,,,
42.5,-83.5,2018,180,2.45,,,
42.5,-82.5,2018,180,2.4,,,
41.5,-83.5,2018,181,2.48,,,
41.5,-82.5,2018,181,2.4,,,
42.5,-83.5,2018,181,2.24,,,
42.5,-82.5,2018,181,2.36,,,
41.5,-83.5,2018,182,2.28,,,
41.5,-82.5,2018,182,2.48,,,
42.5,-83.5,2018,182,2.3,,,
42.5,-82.5,2018,182,2.36,,,
41.5,-83.5,2018,183,1.98,,,
41.5,-82.5,2018,183,2.18,,,
42.5,-83.5,2018,183,2.35,,,
42.5,-82.5,2018,183,2.05,,,
41.5,-83.5,2018,184,2.14,,,
41.5,-82.5,2018,184,2.14,,,
42.5,-83.5,2018,184,2.6,,,
42.5,-82.5,2018,184,2.65,,,
41.5,-83.5,2018,185,2.43,,,
41.5,-82.5,2018,185,2.29,,,
42.5,-83.5,2018,185,2.39,,,
42.5,-82.5,2018,185,2.56,,,
41.5,-83.5,2018,186,2.19,,,
41.5,-82.5,2018,186,1.94,,,
42.5,-83.5,2018,186,2.34,,,
42.5,-82.5,2018,186,2.2,,,
41.5,-83.5,2018,187,2.75,,,
41.5,-82.5,2018,187,2.7,,,
42.5,-83.5,2018,187,2.71,,,
42.5,-82.5,2018,187,2.39,,,
41.5,-83.5,2018,188,2.3,,,
41.5,-82.5,2018,188,2.33,,,
42.5,-83.5,2018,188,2.28,,,
42.5,-82.5,2018,188,1.93,,,
41.5,-83.5,2018,189,2.51,,,
41.5,-82.5,2018,189,2.44,,,
42.5,-83.5,2018,189,2.52,,,
42.5,-82.5,2018,189,2.47,,,
41.5,-83.5,2018,190,2.46,,,
41.5,-82.5,2018,190,2.46,,,
42.5,-83.5,2018,190,2.43,,,
42.5,-82.5,2018,190,2.43,,,
41.5,-83.5,2018,191,2.09,,,
41.5,-82.5,2018,191,2.21,,,
42.5,-83.5,2018,191,2.19,,,
42.5,-82.5,2018,191,2.33,,,
41.5,-83.5,2018,192,2.27,,,
41.5,-82.5,2018,192,2.06,,,
42.5,-83.5,2018,192,2.1,,,
42.5,-82.5,2018,192,2.13,,,
41.5,-83.5,2018,193,2.21,,,
41.5,-82.5,2018,193,2.13,,,
42.5,-83.5,2018,193,1.9,,,
42.5,-82.5,2018,193,1.89,,,
41.5,-83.5,2018,194,2.46,,,
41.5,-82.5,2018,194,2.34,,,
42.5,-83.5,2018,194,2.34,,,
42.5,-82.5,2018,194,2.19,,,
41.5,-83.5,2018,195,1.74,,,
41.5,-82.5,2018,195,1.73,,,
42.5,-83.5,2018,195,1.23,,,
42.5,-82.5,2018,195,1.33,,,
41.5,-83.5,2018,196,2.07,,,
41.5,-82.5,2018,196,2.35,,,
42.5,-83.5,2018,196,2.18,,,
42.5,-82.5,2018,196,2.32,,,
41.5,-83.5,2018,197,1.83,,,
41.5,-82.5,2018,197,1.96,,,
42.5,-83.5,2018,197,1.82,,,
42.5,-82.5,2018,197,1.86,,,
41.5,-83.5,2018,198,2.08,,,
41.5,-82.5,2018,198,2.28,,,
42.5,-83.5,2018,198,2.28,,,
42.5,-82.5,2018,198,2.29,,,
41.5,-83.5,2018,199,1.83,,,
41.5,-82.5,2018,199,2.13,,,
42.5,-83.5,2018,199,1.92,,,
42.5,-82.5,2018,199,1.99,,,
41.5,-83.5,2018,200,1.85,,,
41.5,-82.5,2018,200,2.05,,,
42.5,-83.5,2018,200,1.82,,,
42.5,-82.5,2018,200,2.02,,,
41.5,-83.5,2018,201,1.14,,,
41.5,-82.5,2018,201,1.38,,,
42.5,-83.5,2018,201,1.37,,,
42.5,-82.5,2018,201,1.34,,,
41.5,-83.5,2018,202,1.17,,,
41.5,-82.5,2018,202,1.09,,,
42.5,-83.5,2018,202,0.97,,,
42.5,-82.5,2018,202,0.76,,,
41.5,-83.5,2018,203,1.31,,,
41.5,-82.5,2018,203,0.91,,,
42.5,-83.5,2018,203,1.11,,,
42.5,-82.5,2018,203,0.99,,,
41.5,-83.5,2018,204,1.43,,,
41.5,-82.5,2018,204,1.5,,,
42.5,-83.5,2018,204,1.53,,,
42.5,-82.5,2018,204,1.58,,,
41.5,-83.5,2018,205,1.58,,,
41.5,-82.5,2018,205,1.67,,,
42.5,-83.5,2018,205,1.38,,,
42.5,-82.5,2018,205,1.63,,,
41.5,-83.5,2018,206,1.89,,,
41.5,-82.5,2018,206,2.07,,,
42.5,-83.5,2018,206,2.02,,,
42.5,-82.5,2018,206,2.11,,,
41.5,-83.5,2018,207,1.69,,,
41.5,-82.5,2018,207,1.81,,,
42.5,-83.5,2018,207,1.74,,,
42.5,-82.5,2018,207,1.72,,,
41.5,-83.5,2018,208,1.71,,,
41.5,-82.5,2018,208,1.85,,,
42.5,-83.5,2018,208,1.64,,,
42.5,-82.5,2018,208,1.63,,,
41.5,-83.5,2018,209,1.61,,,
41.5,-82.5,2018,209,1.85,,,
42.5,-83.5,2018,209,1.77,,,
42.5,-82.5,2018,209,1.78,,,
41.5,-83.5,2018,210,1.44,,,
41.5,-82.5,2018,210,1.54,,,
42.5,-83.5,2018,210,1.76,,,
42.5,-82.5,2018,210,1.64,,,
41.5,-83.5,2018,211,1.02,,,
41.5,-82.5,2018,211,1.22,,,
42.5,-83.5,2018,211,1.29,,,
42.5,-82.5,2018,211,1.25,,,
41.5,-83.5,2018,212,0.9,,,
41.5,-82.5,2018,212,1.13,,,
42.5,-83.5,2018,212,1.08,,,
42.5,-82.5,2018,212,1.22,,,
41.5,-83.5,2018,213,1.46,,,
41.5,-82.5,2018,213,1.15,,,
42.5,-83.5,2018,213,1.29,,,
42.5,-82.5,2018,213,1.06,,,
41.5,-83.5,2018,214,1.9,,,
41.5,-82.5,2018,214,1.61,,,
42.5,-83.5,2018,214,1.91,,,
42.5,-82.5,2018,214,1.82,,,
41.5,-83.5,2018,215,1.88,,,
41.5,-82.5,2018,215,1.82,,,
42.5,-83.5,2018,215,1.84,,,
42.5,-82.5,2018,215,1.76,,,
41.5,-83.5,2018,216,2,,,
41.5,-82.5,2018,216,1.98,,,
42.5,-83.5,2018,216,1.87,,,
42.5,-82.5,2018,216,1.91,,,
41.5,-83.5,2018,217,2.07,,,
41.5,-82.5,2018,217,2.07,,,
42.5,-83.5,2018,217,1.99,,,
42.5,-82.5,2018,217,2.08,,,
41.5,-83.5,2018,218,1.75,,,
41.5,-82.5,2018,218,1.94,,,
42.5,-83.5,2018,218,1.13,,,
42.5,-82.5,2018,218,1.34,,,
41.5,-83.5,2018,219,1.37,,,
41.5,-82.5,2018,219,1.49,,,
42.5,-83.5,2018,219,1.68,,,
42.5,-82.5,2018,219,1.67,,,
41.5,-83.5,2018,220,1.74,,,
41.5,-82.5,2018,220,1.63,,,
42.5,-83.5,2018,220,1.68,,,
42.5,-82.5,2018,220,1.66,,,
41.5,-83.5,2018,221,1.93,,,
41.5,-82.5,2018,221,1.9,,,
42.5,-83.5,2018,221,1.69,,,
42.5,-82.5,2018,221,1.79,,,
41.5,-83.5,2018,222,1.37,,,
41.5,-82.5,2018,222,1.37,,,
42.5,-83.5,2018,222,1.94,,,
42.5,-82.5,2018,222,1.94,,,
41.5,-83.5,2018,223,1.92,,,
41.5,-82.5,2018,223,1.97,,,
42.5,-83.5,2018,223,1.7,,,
42.5,-82.5,2018,223,1.79,,,
41.5,-83.5,2018,224,1.61,,,
41.5,-82.5,2018,224,1.63,,,
42.5,-83.5,2018,224,1.52,,,
42.5,-82.5,2018,224,1.59,,,
41.5,-83.5,2018,225,1.59,,,
41.5,-82.5,2018,225,1.67,,,
42.5,-83.5,2018,225,1.6,,,
42.5,-82.5,2018,225,1.62,,,
41.5,-83.5,2018,226,1.66,,,
41.5,-82.5,2018,226,1.66,,,
42.5,-83.5,2018,226,1.64,,,
42.5,-82.5,2018,226,1.61,,,
41.5,-83.5,2018,227,1.47,,,
41.5,-82.5,2018,227,1.46,,,
42.5,-83.5,2018,227,1.22,,,
42.5,-82.5,2018,227,1.23,,,
41.5,-83.5,2018,228,0.68,,,
41.5,-82.5,2018,228,0.76,,,
42.5,-83.5,2018,228,0.87,,,
42.5,-82.5,2018,228,0.66,,,
41.5,-83.5,2018,229,1.19,,,
41.5,-82.5,2018,229,0.92,,,
42.5,-83.5,2018,229,1.01,,,
42.5,-82.5,2018,229,1.07,,,
41.5,-83.5,2018,230,1.43,,,
41.5,-82.5,2018,230,1.62,,,
42.5,-83.5,2018,230,1.11,,,
42.5,-82.5,2018,230,1.25,,,
41.5,-83.5,2018,231,1.58,,,
41.5,-82.5,2018,231,1.3,,,
42.5,-83.5,2018,231,1.24,,,
42.5,-82.5,2018,231,1.08,,,
41.5,-83.5,2018,232,1.29,,,
41.5,-82.5,2018,232,1.29,,,
42.5,-83.5,2018,232,1.2,,,
42.5,-82.5,2018,232,1.06,,,
41.5,-83.5,2018,233,1.44,,,
41.5,-82.5,2018,233,1.23,,,
42.5,-83.5,2018,233,1.25,,,
42.5,-82.5,2018,233,1.3,,,
41.5,-83.5,2018,234,1.44,,,
41.5,-82.5,2018,234,1.12,,,
42.5,-83.5,2018,234,1.54,,,
42.5,-82.5,2018,234,1.23,,,
41.5,-83.5,2018,235,1.71,,,
41.5,-82.5,2018,235,1.55,,,
42.5,-83.5,2018,235,1.57,,,
42.5,-82.5,2018,235,1.52,,,
41.5,-83.5,2018,236,1.42,,,
41.5,-82.5,2018,236,1.56,,,
42.5,-83.5,2018,236,1.3,,,
42.5,-82.5,2018,236,1.45,,,
41.5,-83.5,2018,237,0.87,,,
41.5,-82.5,2018,237,0.84,,,
42.5,-83.5,2018,237,0.9,,,
42.5,-82.5,2018,237,0.82,,,
41.5,-83.5,2018,238,1.03,,,
41.5,-82.5,2018,238,1.21,,,
42.5,-83.5,2018,238,1.01,,,
42.5,-82.5,2018,238,1.16,,,
41.5,-83.5,2018,239,1.62,,,
41.5,-82.5,2018,239,1.52,,,
42.5,-83.5,2018,239,1.52,,,
42.5,-82.5,2018,239,1.42,,,
41.5,-83.5,2018,240,1.74,,,
41.5,-82.5,2018,240,1.74,,,
42.5,-83.5,2018,240,1.41,,,
42.5,-82.5,2018,240,1.55,,,
41.5,-83.5,2018,241,1.5,,,
41.5,-82.5,2018,241,1.47,,,
42.5,-83.5,2018,241,1.27,,,
42.5,-82.5,2018,241,1.23,,,
41.5,-83.5,2018,242,1.37,,,
41.5,-82.5,2018,242,1.4,,,
42.5,-83.5,2018,242,1.48,,,
42.5,-82.5,2018,242,1.49,,,
41.5,-83.5,2018,243,1.65,,,
41.5,-82.5,2018,243,1.56,,,
42.5,-83.5,2018,243,1.61,,,
42.5,-82.5,2018,243,1.58,,,
41.5,-83.5,2018,244,1.44,,,
41.5,-82.5,2018,244,1.52,,,
42.5,-83.5,2018,244,1.21,,,
42.5,-82.5,2018,244,1.45,,,
41.5,-83.5,2018,245,1.72,,,
41.5,-82.5,2018,245,1.69,,,
42.5,-83.5,2018,245,1.57,,,
42.5,-82.5,2018,245,1.64,,,
41.5,-83.5,2018,246,1.63,,,
41.5,-82.5,2018,246,1.67,,,
42.5,-83.5,2018,246,1.43,,,
42.5,-82.5,2018,246,1.38,,,
41.5,-83.5,2018,247,1.75,,,
41.5,-82.5,2018,247,1.74,,,
42.5,-83.5,2018,247,1.67,,,
42.5,-82.5,2018,247,1.61,,,
41.5,-83.5,2018,248,1.77,,,
41.5,-82.5,2018,248,1.74,,,
42.5,-83.5,2018,248,1.72,,,
42.5,-82.5,2018,248,1.72,,,
41.5,-83.5,2018,249,0.91,,,
41.5,-82.5,2018,249,1.11,,,
42.5,-83.5,2018,249,1.08,,,
42.5,-82.5,2018,249,1.07,,,
41.5,-83.5,2018,250,1.14,,,
41.5,-82.5,2018,250,1.08,,,
42.5,-83.5,2018,250,1.26,,,
42.5,-82.5,2018,250,1.2,,,
41.5,-83.5,2018,251,0.64,,,
41.5,-82.5,2018,251,0.61,,,
42.5,-83.5,2018,251,1.05,,,
42.5,-82.5,2018,251,0.99,,,
41.5,-83.5,2018,252,0.61,,,
41.5,-82.5,2018,252,0.51,,,
42.5,-83.5,2018,252,0.88,,,
42.5,-82.5,2018,252,0.69,,,
41.5,-83.5,2018,253,0.72,,,
41.5,-82.5,2018,253,0.75,,,
42.5,-83.5,2018,253,0.74,,,
42.5,-82.5,2018,253,0.67,,,
41.5,-83.5,2018,254,1.53,,,
41.5,-82.5,2018,254,1.3,,,
42.5,-83.5,2018,254,1.5,,,
42.5,-82.5,2018,254,1.41,,,
41.5,-83.5,2018,255,0.86,,,
41.5,-82.5,2018,255,0.96,,,
42.5,-83.5,2018,255,1.34,,,
42.5,-82.5,2018,255,1.09,,,
41.5,-83.5,2018,256,1.12,,,
41.5,-82.5,2018,256,1.1,,,
42.5,-83.5,2018,256,0.77,,,
42.5,-82.5,2018,256,0.7,,,
41.5,-83.5,2018,257,1.32,,,
41.5,-82.5,2018,257,1.12,,,
42.5,-83.5,2018,257,1.31,,,
42.5,-82.5,2018,257,1.2,,,
41.5,-83.5,2018,258,1.45,,,
41.5,-82.5,2018,258,1.54,,,
42.5,-83.5,2018,258,1.4,,,
42.5,-82.5,2018,258,1.36,,,
41.5,-83.5,2018,259,1.56,,,
41.5,-82.5,2018,259,1.6,,,
42.5,-83.5,2018,259,1.53,,,
42.5,-82.5,2018,259,1.54,,,
41.5,-83.5,2018,260,1.48,,,
41.5,-82.5,2018,260,1.26,,,
42.5,-83.5,2018,260,1.48,,,
42.5,-82.5,2018,260,1.42,,,
41.5,-83.5,2018,261,1.32,,,
41.5,-82.5,2018,261,1.45,,,
42.5,-83.5,2018,261,1.42,,,
42.5,-82.5,2018,261,1.4,,,
41.5,-83.5,2018,262,1.37,,,
41.5,-82.5,2018,262,1.46,,,
42.5,-83.5,2018,262,1.18,,,
42.5,-82.5,2018,262,1.29,,,
41.5,-83.5,2018,263,1.27,,,
41.5,-82.5,2018,263,1.29,,,
42.5,-83.5,2018,263,0.84,,,
42.5,-82.5,2018,263,0.73,,,
41.5,-83.5,2018,264,1.09,,,
41.5,-82.5,2018,264,1.22,,,
42.5,-83.5,2018,264,1.04,,,
42.5,-82.5,2018,264,1.09,,,
41.5,-83.5,2018,265,1.06,,,
41.5,-82.5,2018,265,0.94,,,
42.5,-83.5,2018,265,1.24,,,
42.5,-82.5,2018,265,1.12,,,
41.5,-83.5,2018,266,1.35,,,
41.5,-82.5,2018,266,1.32,,,
42.5,-83.5,2018,266,1.31,,,
42.5,-82.5,2018,266,1.31,,,
41.5,-83.5,2018,267,0.43,,,
41.5,-82.5,2018,267,0.5,,,
42.5,-83.5,2018,267,0.49,,,
42.5,-82.5,2018,267,0.49,,,
41.5,-83.5,2018,268,0.53,,,
41.5,-82.5,2018,268,0.55,,,
42.5,-83.5,2018,268,0.64,,,
42.5,-82.5,2018,268,0.64,,,
41.5,-83.5,2018,269,1.3,,,
41.5,-82.5,2018,269,1.16,,,
42.5,-83.5,2018,269,1.16,,,
42.5,-82.5,2018,269,1.15,,,
41.5,-83.5,2018,270,0.75,,,
41.5,-82.5,2018,270,0.68,,,
42.5,-83.5,2018,270,0.82,,,
42.5,-82.5,2018,270,0.81,,,
41.5,-83.5,2018,271,1.09,,,
41.5,-82.5,2018,271,1.12,,,
42.5,-83.5,2018,271,0.74,,,
42.5,-82.5,2018,271,0.9,,,
41.5,-83.5,2018,272,0.74,,,
41.5,-82.5,2018,272,0.96,,,
42.5,-83.5,2018,272,0.97,,,
42.5,-82.5,2018,272,0.99,,,
41.5,-83.5,2018,273,0.93,,,
41.5,-82.5,2018,273,0.91,,,
42.5,-83.5,2018,273,0.43,,,
42.5,-82.5,2018,273,0.48,,,
41.5,-83.5,2018,274,1.03,,,
41.5,-82.5,2018,274,1.03,,,
42.5,-83.5,2018,274,0.38,,,
42.5,-82.5,2018,274,0.32,,,
41.5,-83.5,2018,275,0.65,,,
41.5,-82.5,2018,275,0.6,,,
42.5,-83.5,2018,275,0.59,,,
42.5,-82.5,2018,275,0.55,,,
41.5,-83.5,2018,276,0.94,,,
41.5,-82.5,2018,276,0.92,,,
42.5,-83.5,2018,276,0.89,,,
42.5,-82.5,2018,276,0.78,,,
41.5,-83.5,2018,277,0.71,,,
41.5,-82.5,2018,277,0.54,,,
42.5,-83.5,2018,277,1.06,,,
42.5,-82.5,2018,277,0.9,,,
41.5,-83.5,2018,278,0.42,,,
41.5,-82.5,2018,278,0.43,,,
42.5,-83.5,2018,278,0.43,,,
42.5,-82.5,2018,278,0.52,,,
41.5,-83.5,2018,279,0.86,,,
41.5,-82.5,2018,279,1,,,
42.5,-83.5,2018,279,0.65,,,
42.5,-82.5,2018,279,0.61,,,
41.5,-83.5,2018,280,0.49,,,
41.5,-82.5,2018,280,0.49,,,
42.5,-83.5,2018,280,0.34,,,
42.5,-82.5,2018,280,0.46,,,
41.5,-83.5,2018,281,0.94,,,
41.5,-82.5,2018,281,1,,,
42.5,-83.5,2018,281,0.87,,,
42.5,-82.5,2018,281,0.87,,,
41.5,-83.5,2018,282,0.98,,,
41.5,-82.5,2018,282,0.87,,,
42.5,-83.5,2018,282,0.92,,,
42.5,-82.5,2018,282,0.94,,,
41.5,-83.5,2018,283,0.71,,,
41.5,-82.5,2018,283,0.9,,,
42.5,-83.5,2018,283,0.65,,,
42.5,-82.5,2018,283,0.79,,,
41.5,-83.5,2018,284,1.01,,,
41.5,-82.5,2018,284,0.87,,,
42.5,-83.5,2018,284,0.78,,,
42.5,-82.5,2018,284,0.91,,,
41.5,-83.5,2018,285,0.64,,,
41.5,-82.5,2018,285,0.62,,,
42.5,-83.5,2018,285,0.52,,,
42.5,-82.5,2018,285,0.59,,,
41.5,-83.5,2018,286,0.76,,,
41.5,-82.5,2018,286,0.68,,,
42.5,-83.5,2018,286,0.74,,,
42.5,-82.5,2018,286,0.68,,,
41.5,-83.5,2018,287,0.8,,,
41.5,-82.5,2018,287,0.8,,,
42.5,-83.5,2018,287,0.76,,,
42.5,-82.5,2018,287,0.74,,,
41.5,-83.5,2018,288,0.49,,,
41.5,-82.5,2018,288,0.36,,,
42.5,-83.5,2018,288,0.56,,,
42.5,-82.5,2018,288,0.49,,,
41.5,-83.5,2018,289,0.81,,,
41.5,-82.5,2018,289,0.81,,,
42.5,-83.5,2018,289,0.74,,,
42.5,-82.5,2018,289,0.74,,,
41.5,-83.5,2018,290,0.62,,,
41.5,-82.5,2018,290,0.54,,,
42.5,-83.5,2018,290,0.47,,,
42.5,-82.5,2018,290,0.48,,,
41.5,-83.5,2018,291,0.75,,,
41.5,-82.5,2018,291,0.74,,,
42.5,-83.5,2018,291,0.7,,,
42.5,-82.5,2018,291,0.69,,,
41.5,-83.5,2018,292,0.61,,,
41.5,-82.5,2018,292,0.64,,,
42.5,-83.5,2018,292,0.53,,,
42.5,-82.5,2018,292,0.57,,,
41.5,-83.5,2018,293,0.64,,,
41.5,-82.5,2018,293,0.61,,,
42.5,-83.5,2018,293,0.52,,,
42.5,-82.5,2018,293,0.52,,,
41.5,-83.5,2018,294,0.46,,,
41.5,-82.5,2018,294,0.36,,,
42.5,-83.5,2018,294,0.34,,,
42.5,-82.5,2018,294,0.35,,,
41.5,-83.5,2018,295,0.64,,,
41.5,-82.5,2018,295,0.63,,,
42.5,-83.5,2018,295,0.61,,,
42.5,-82.5,2018,295,0.6,,,
41.5,-83.5,2018,296,0.6,,,
41.5,-82.5,2018,296,0.56,,,
42.5,-83.5,2018,296,0.47,,,
42.5,-82.5,2018,296,0.44,,,
41.5,-83.5,2018,297,0.56,,,
41.5,-82.5,2018,297,0.44,,,
42.5,-83.5,2018,297,0.47,,,
42.5,-82.5,2018,297,0.43,,,
41.5,-83.5,2018,298,0.4,,,
41.5,-82.5,2018,298,0.43,,,
42.5,-83.5,2018,298,0.49,,,
42.5,-82.5,2018,298,0.51,,,
41.5,-83.5,2018,299,0.36,,,
41.5,-82.5,2018,299,0.27,,,
42.5,-83.5,2018,299,0.31,,,
42.5,-82.5,2018,299,0.32,,,
41.5,-83.5,2018,300,0.22,,,
41.5,-82.5,2018,300,0.21,,,
42.5,-83.5,2018,300,0.26,,,
42.5,-82.5,2018,300,0.23,,,
41.5,-83.5,2018,301,0.19,,,
41.5,-82.5,2018,301,0.21,,,
42.5,-83.5,2018,301,0.2,,,
42.5,-82.5,2018,301,0.23,,,
41.5,-83.5,2018,302,0.33,,,
41.5,-82.5,2018,302,0.3,,,
42.5,-83.5,2018,302,0.41,,,
42.5,-82.5,2018,302,0.43,,,
41.5,-83.5,2018,303,0.33,,,
41.5,-82.5,2018,303,0.39,,,
42.5,-83.5,2018,303,0.35,,,
42.5,-82.5,2018,303,0.39,,,
41.5,-83.5,2018,304,0.19,,,
41.5,-82.5,2018,304,0.17,,,
42.5,-83.5,2018,304,0.27,,,
42.5,-82.5,2018,304,0.2,,,
41.5,-83.5,2018,305,0.17,,,
41.5,-82.5,2018,305,0.18,,,
42.5,-83.5,2018,305,0.17,,,
42.5,-82.5,2018,305,0.19,,,
41.5,-83.5,2018,306,0.38,,,
41.5,-82.5,2018,306,0.33,,,
42.5,-83.5,2018,306,0.31,,,
42.5,-82.5,2018,306,0.32,,,
41.5,-83.5,2018,307,0.41,,,
41.5,-82.5,2018,307,0.41,,,
42.5,-83.5,2018,307,0.29,,,
42.5,-82.5,2018,307,0.34,,,
41.5,-83.5,2018,308,0.36,,,
41.5,-82.5,2018,308,0.38,,,
42.5,-83.5,2018,308,0.3,,,
42.5,-82.5,2018,308,0.3,,,
41.5,-83.5,2018,309,0.34,,,
41.5,-82.5,2018,309,0.3,,,
42.5,-83.5,2018,309,0.27,,,
42.5,-82.5,2018,309,0.28,,,
41.5,-83.5,2018,310,0.2,,,
41.5,-82.5,2018,310,0.22,,,
42.5,-83.5,2018,310,0.21,,,
42.5,-82.5,2018,310,0.22,,,
41.5,-83.5,2018,311,0.31,,,
41.5,-82.5,2018,311,0.32,,,
42.5,-83.5,2018,311,0.15,,,
42.5,-82.5,2018,311,0.17,,,
41.5,-83.5,2018,312,0.32,,,
41.5,-82.5,2018,312,0.28,,,
42.5,-83.5,2018,312,0.26,,,
42.5,-82.5,2018,312,0.24,,,
41.5,-83.5,2018,313,0.23,,,
41.5,-82.5,2018,313,0.2,,,
42.5,-83.5,2018,313,0.18,,,
42.5,-82.5,2018,313,0.18,,,
41.5,-83.5,2018,314,0.23,,,
41.5,-82.5,2018,314,0.23,,,
42.5,-83.5,2018,314,0.23,,,
42.5,-82.5,2018,314,0.26,,,
41.5,-83.5,2018,315,0.4,,,
41.5,-82.5,2018,315,0.4,,,
42.5,-83.5,2018,315,0.25,,,
42.5,-82.5,2018,315,0.29,,,
41.5,-83.5,2018,316,0.17,,,
41.5,-82.5,2018,316,0.17,,,
42.5,-83.5,2018,316,0.22,,,
42.5,-82.5,2018,316,0.21,,,
41.5,-83.5,2018,317,0.27,,,
41.5,-82.5,2018,317,0.26,,,
42.5,-83.5,2018,317,0.2,,,
42.5,-82.5,2018,317,0.26,,,
41.5,-83.5,2018,318,0.32,,,
41.5,-82.5,2018,318,0.3,,,
42.5,-83.5,2018,318,0.31,,,
42.5,-82.5,2018,318,0.3,,,
41.5,-83.5,2018,319,0.2,,,
41.5,-82.5,2018,319,0.17,,,
42.5,-83.5,2018,319,0.18,,,
42.5,-82.5,2018,319,0.08,,,
41.5,-83.5,2018,320,0.12,,,
41.5,-82.5,2018,320,0.09,,,
42.5,-83.5,2018,320,0.1,,,
42.5,-82.5,2018,320,0.1,,,
41.5,-83.5,2018,321,0.2,,,
41.5,-82.5,2018,321,0.21,,,
42.5,-83.5,2018,321,0.2,,,
42.5,-82.5,2018,321,0.21,,,
41.5,-83.5,2018,322,0.14,,,
41.5,-82.5,2018,322,0.09,,,
42.5,-83.5,2018,322,0.2,,,
42.5,-82.5,2018,322,0.16,,,
41.5,-83.5,2018,323,0.15,,,
41.5,-82.5,2018,323,0.15,,,
42.5,-83.5,2018,323,0.23,,,
42.5,-82.5,2018,323,0.22,,,
41.5,-83.5,2018,324,0.3,,,
41.5,-82.5,2018,324,0.22,,,
42.5,-83.5,2018,324,0.28,,,
42.5,-82.5,2018,324,0.26,,,
41.5,-83.5,2018,325,0.15,,,
41.5,-82.5,2018,325,0.13,,,
42.5,-83.5,2018,325,0.2,,,
42.5,-82.5,2018,325,0.19,,,
41.5,-83.5,2018,326,0.15,,,
41.5,-82.5,2018,326,0.14,,,
42.5,-83.5,2018,326,0.17,,,
42.5,-82.5,2018,326,0.21,,,
41.5,-83.5,2018,327,0.32,,,
41.5,-82.5,2018,327,0.32,,,
42.5,-83.5,2018,327,0.29,,,
42.5,-82.5,2018,327,0.28,,,
41.5,-83.5,2018,328,0.1,,,
41.5,-82.5,2018,328,0.13,,,
42.5,-83.5,2018,328,0.1,,,
42.5,-82.5,2018,328,0.11,,,
41.5,-83.5,2018,329,0.21,,,
41.5,-82.5,2018,329,0.21,,,
42.5,-83.5,2018,329,0.18,,,
42.5,-82.5,2018,329,0.19,,,
41.5,-83.5,2018,330,0.13,,,
41.5,-82.5,2018,330,0.1,,,
42.5,-83.5,2018,330,0.13,,,
42.5,-82.5,2018,330,0.13,,,
41.5,-83.5,2018,331,0.12,,,
41.5,-82.5,2018,331,0.09,,,
42.5,-83.5,2018,331,0.11,,,
42.5,-82.5,2018,331,0.13,,,
41.5,-83.5,2018,332,0.11,,,
41.5,-82.5,2018,332,0.09,,,
42.5,-83.5,2018,332,0.11,,,
42.5,-82.5,2018,332,0.11,,,
41.5,-83.5,2018,333,0.12,,,
41.5,-82.5,2018,333,0.15,,,
42.5,-83.5,2018,333,0.13,,,
42.5,-82.5,2018,333,0.15,,,
41.5,-83.5,2018,334,0.17,,,
41.5,-82.5,2018,334,0.16,,,
42.5,-83.5,2018,334,0.21,,,
42.5,-82.5,2018,334,0.17,,,
41.5,-83.5,2018,335,0.07,,,
41.5,-82.5,2018,335,0.11,,,
42.5,-83.5,2018,335,0.09,,,
42.5,-82.5,2018,335,0.1,,,
41.5,-83.5,2018,336,0.23,,,
41.5,-82.5,2018,336,0.27,,,
42.5,-83.5,2018,336,0.19,,,
42.5,-82.5,2018,336,0.22,,,
41.5,-83.5,2018,337,0.13,,,
41.5,-82.5,2018,337,0.12,,,
42.5,-83.5,2018,337,0.12,,,
42.5,-82.5,2018,337,0.13,,,
41.5,-83.5,2018,338,0.13,,,
41.5,-82.5,2018,338,0.12,,,
42.5,-83.5,2018,338,0.19,,,
42.5,-82.5,2018,338,0.17,,,
41.5,-83.5,2018,339,0.12,,,
41.5,-82.5,2018,339,0.13,,,
42.5,-83.5,2018,339,0.11,,,
42.5,-82.5,2018,339,0.16,,,
41.5,-83.5,2018,340,0.14,,,
41.5,-82.5,2018,340,0.12,,,
42.5,-83.5,2018,340,0.09,,,
42.5,-82.5,2018,340,0.08,,,
41.5,-83.5,2018,341,0.22,,,
41.5,-82.5,2018,341,0.21,,,
42.5,-83.5,2018,341,0.15,,,
42.5,-82.5,2018,341,0.15,,,
41.5,-83.5,2018,342,0.19,,,
41.5,-82.5,2018,342,0.19,,,
42.5,-83.5,2018,342,0.19,,,
42.5,-82.5,2018,342,0.18,,,
41.5,-83.5,2018,343,0.24,,,
41.5,-82.5,2018,343,0.23,,,
42.5,-83.5,2018,343,0.2,,,
42.5,-82.5,2018,343,0.19,,,
41.5,-83.5,2018,344,0.1,,,
41.5,-82.5,2018,344,0.1,,,
42.5,-83.5,2018,344,0.1,,,
42.5,-82.5,2018,344,0.11,,,
41.5,-83.5,2018,345,0.18,,,
41.5,-82.5,2018,345,0.16,,,
42.5,-83.5,2018,345,0.08,,,
42.5,-82.5,2018,345,0.07,,,
41.5,-83.5,2018,346,0.19,,,
41.5,-82.5,2018,346,0.19,,,
42.5,-83.5,2018,346,0.15,,,
42.5,-82.5,2018,346,0.17,,,
41.5,-83.5,2018,347,0.19,,,
41.5,-82.5,2018,347,0.18,,,
42.5,-83.5,2018,347,0.15,,,
42.5,-82.5,2018,347,0.11,,,
41.5,-83.5,2018,348,0.17,,,
41.5,-82.5,2018,348,0.17,,,
42.5,-83.5,2018,348,0.13,,,
42.5,-82.5,2018,348,0.14,,,
41.5,-83.5,2018,349,0.07,,,
41.5,-82.5,2018,349,0.06,,,
42.5,-83.5,2018,349,0.09,,,
42.5,-82.5,2018,349,0.09,,,
41.5,-83.5,2018,350,0.19,,,
41.5,-82.5,2018,350,0.17,,,
42.5,-83.5,2018,350,0.17,,,
42.5,-82.5,2018,350,0.18,,,
41.5,-83.5,2018,351,0.18,,,
41.5,-82.5,2018,351,0.16,,,
42.5,-83.5,2018,351,0.16,,,
42.5,-82.5,2018,351,0.13,,,
41.5,-83.5,2018,352,0.2,,,
41.5,-82.5,2018,352,0.18,,,
42.5,-83.5,2018,352,0.17,,,
42.5,-82.5,2018,352,0.16,,,
41.5,-83.5,2018,353,0.2,,,
41.5,-82.5,2018,353,0.2,,,
42.5,-83.5,2018,353,0.17,,,
42.5,-82.5,2018,353,0.17,,,
41.5,-83.5,2018,354,0.1,,,
41.5,-82.5,2018,354,0.11,,,
42.5,-83.5,2018,354,0.09,,,
42.5,-82.5,2018,354,0.11,,,
41.5,-83.5,2018,355,0.09,,,
41.5,-82.5,2018,355,0.09,,,
42.5,-83.5,2018,355,0.07,,,
42.5,-82.5,2018,355,0.08,,,
41.5,-83.5,2018,356,0.07,,,
41.5,-82.5,2018,356,0.06,,,
42.5,-83.5,2018,356,0.07,,,
42.5,-82.5,2018,356,0.05,,,
41.5,-83.5,2018,357,0.11,,,
41.5,-82.5,2018,357,0.1,,,
42.5,-83.5,2018,357,0.1,,,
42.5,-82.5,2018,357,0.11,,,
41.5,-83.5,2018,358,0.13,,,
41.5,-82.5,2018,358,0.14,,,
42.5,-83.5,2018,358,0.09,,,
42.5,-82.5,2018,358,0.1,,,
41.5,-83.5,2018,359,0.17,,,
41.5,-82.5,2018,359,0.16,,,
42.5,-83.5,2018,359,0.15,,,
42.5,-82.5,2018,359,0.17,,,
41.5,-83.5,2018,360,0.18,,,
41.5,-82.5,2018,360,0.18,,,
42.5,-83.5,2018,360,0.14,,,
42.5,-82.5,2018,360,0.11,,,
41.5,-83.5,2018,361,0.11,,,
41.5,-82.5,2018,361,0.11,,,
42.5,-83.5,2018,361,0.11,,,
42.5,-82.5,2018,361,0.13,,,
41.5,-83.5,2018,362,0.16,,,
41.5,-82.5,2018,362,0.16,,,
42.5,-83.5,2018,362,0.16,,,
42.5,-82.5,2018,362,0.12,,,
41.5,-83.5,2018,363,0.16,,,
41.5,-82.5,2018,363,0.14,,,
42.5,-83.5,2018,363,0.13,,,
42.5,-82.5,2018,363,0.15,,,
41.5,-83.5,2018,364,0.24,,,
41.5,-82.5,2018,364,0.23,,,
42.5,-83.5,2018,364,0.21,,,
42.5,-82.5,2018,364,0.18,,,
41.5,-83.5,2018,365,0.08,,,
41.5,-82.5,2018,365,0.08,,,
42.5,-83.5,2018,365,0.06,,,
42.5,-82.5,2018,365,0.07,,,
41.5,-83.5,2019,1,0.15,,,
41.5,-82.5,2019,1,0.14,,,
42.5,-83.5,2019,1,0.12,,,
42.5,-82.5,2019,1,0.12,,,
41.5,-83.5,2019,2,0.13,,,
41.5,-82.5,2019,2,0.12,,,
42.5,-83.5,2019,2,0.09,,,
42.5,-82.5,2019,2,0.09,,,
41.5,-83.5,2019,3,0.23,,,
41.5,-82.5,2019,3,0.19,,,
42.5,-83.5,2019,3,0.19,,,
42.5,-82.5,2019,3,0.16,,,
41.5,-83.5,2019,4,0.25,,,
41.5,-82.5,2019,4,0.24,,,
42.5,-83.5,2019,4,0.22,,,
42.5,-82.5,2019,4,0.22,,,
41.5,-83.5,2019,5,0.26,,,
41.5,-82.5,2019,5,0.25,,,
42.5,-83.5,2019,5,0.24,,,
42.5,-82.5,2019,5,0.2,,,
41.5,-83.5,2019,6,0.29,,,
41.5,-82.5,2019,6,0.26,,,
42.5,-83.5,2019,6,0.29,,,
42.5,-82.5,2019,6,0.29,,,
41.5,-83.5,2019,7,0.26,,,
41.5,-82.5,2019,7,0.29,,,
42.5,-83.5,2019,7,0.24,,,
42.5,-82.5,2019,7,0.23,,,
41.5,-83.5,2019,8,0.28,,,
41.5,-82.5,2019,8,0.3,,,
42.5,-83.5,2019,8,0.23,,,
42.5,-82.5,2019,8,0.24,,,
41.5,-83.5,2019,9,0.18,,,
41.5,-82.5,2019,9,0.12,,,
42.5,-83.5,2019,9,0.2,,,
42.5,-82.5,2019,9,0.17,,,
41.5,-83.5,2019,10,0.18,,,
41.5,-82.5,2019,10,0.18,,,
42.5,-83.5,2019,10,0.2,,,
42.5,-82.5,2019,10,0.16,,,
41.5,-83.5,2019,11,0.26,,,
41.5,-82.5,2019,11,0.21,,,
42.5,-83.5,2019,11,0.2,,,
42.5,-82.5,2019,11,0.21,,,
41.5,-83.5,2019,12,0.11,,,
41.5,-82.5,2019,12,0.12,,,
42.5,-83.5,2019,12,0.1,,,
42.5,-82.5,2019,12,0.11,,,
41.5,-83.5,2019,13,0.16,,,
41.5,-82.5,2019,13,0.14,,,
42.5,-83.5,2019,13,0.24,,,
42.5,-82.5,2019,13,0.24,,,
41.5,-83.5,2019,14,0.22,,,
41.5,-82.5,2019,14,0.19,,,
42.5,-83.5,2019,14,0.23,,,
42.5,-82.5,2019,14,0.24,,,
41.5,-83.5,2019,15,0.11,,,
41.5,-82.5,2019,15,0.11,,,
42.5,-83.5,2019,15,0.1,,,
42.5,-82.5,2019,15,0.1,,,
41.5,-83.5,2019,16,0.15,,,
41.5,-82.5,2019,16,0.12,,,
42.5,-83.5,2019,16,0.22,,,
42.5,-82.5,2019,16,0.22,,,
41.5,-83.5,2019,17,0.23,,,
41.5,-82.5,2019,17,0.16,,,
42.5,-83.5,2019,17,0.17,,,
42.5,-82.5,2019,17,0.17,,,
41.5,-83.5,2019,18,0.12,,,
41.5,-82.5,2019,18,0.16,,,
42.5,-83.5,2019,18,0.14,,,
42.5,-82.5,2019,18,0.12,,,
41.5,-83.5,2019,19,0.09,,,
41.5,-82.5,2019,19,0.11,,,
42.5,-83.5,2019,19,0.16,,,
42.5,-82.5,2019,19,0.12,,,
41.5,-83.5,2019,20,0.37,,,
41.5,-82.5,2019,20,0.23,,,
42.5,-83.5,2019,20,0.24,,,
42.5,-82.5,2019,20,0.23,,,
41.5,-83.5,2019,21,0.37,,,
41.5,-82.5,2019,21,0.2,,,
42.5,-83.5,2019,21,0.23,,,
42.5,-82.5,2019,21,0.19,,,
41.5,-83.5,2019,22,0.32,,,
41.5,-82.5,2019,22,0.25,,,
42.5,-83.5,2019,22,0.24,,,
42.5,-82.5,2019,22,0.23,,,
41.5,-83.5,2019,23,0.12,,,
41.5,-82.5,2019,23,0.22,,,
42.5,-83.5,2019,23,0.09,,,
42.5,-82.5,2019,23,0.13,,,
41.5,-83.5,2019,24,0.17,,,
41.5,-82.5,2019,24,0.16,,,
42.5,-83.5,2019,24,0.16,,,
42.5,-82.5,2019,24,0.17,,,
41.5,-83.5,2019,25,0.34,,,
41.5,-82.5,2019,25,0.25,,,
42.5,-83.5,2019,25,0.26,,,
42.5,-82.5,2019,25,0.21,,,
41.5,-83.5,2019,26,0.29,,,
41.5,-82.5,2019,26,0.21,,,
42.5,-83.5,2019,26,0.24,,,
42.5,-82.5,2019,26,0.24,,,
41.5,-83.5,2019,27,0.23,,,
41.5,-82.5,2019,27,0.17,,,
42.5,-83.5,2019,27,0.19,,,
42.5,-82.5,2019,27,0.15,,,
41.5,-83.5,2019,28,0.18,,,
41.5,-82.5,2019,28,0.14,,,
42.5,-83.5,2019,28,0.13,,,
42.5,-82.5,2019,28,0.17,,,
41.5,-83.5,2019,29,0.26,,,
41.5,-82.5,2019,29,0.23,,,
42.5,-83.5,2019,29,0.19,,,
42.5,-82.5,2019,29,0.17,,,
41.5,-83.5,2019,30,0.41,,,
41.5,-82.5,2019,30,0.26,,,
42.5,-83.5,2019,30,0.21,,,
42.5,-82.5,2019,30,0.19,,,
41.5,-83.5,2019,31,0.42,,,
41.5,-82.5,2019,31,0.26,,,
42.5,-83.5,2019,31,0.22,,,
42.5,-82.5,2019,31,0.23,,,
41.5,-83.5,2019,32,0.41,,,
41.5,-82.5,2019,32,0.24,,,
42.5,-83.5,2019,32,0.35,,,
42.5,-82.5,2019,32,0.32,,,
41.5,-83.5,2019,33,0.37,,,
41.5,-82.5,2019,33,0.3,,,
42.5,-83.5,2019,33,0.23,,,
42.5,-82.5,2019,33,0.27,,,
41.5,-83.5,2019,34,0.35,,,
41.5,-82.5,2019,34,0.35,,,
42.5,-83.5,2019,34,0.35,,,
42.5,-82.5,2019,34,0.36,,,
41.5,-83.5,2019,35,0.28,,,
41.5,-82.5,2019,35,0.37,,,
42.5,-83.5,2019,35,0.21,,,
42.5,-82.5,2019,35,0.25,,,
41.5,-83.5,2019,36,0.34,,,
41.5,-82.5,2019,36,0.33,,,
42.5,-83.5,2019,36,0.33,,,
42.5,-82.5,2019,36,0.33,,,
41.5,-83.5,2019,37,0.2,,,
41.5,-82.5,2019,37,0.19,,,
42.5,-83.5,2019,37,0.27,,,
42.5,-82.5,2019,37,0.19,,,
41.5,-83.5,2019,38,0.21,,,
41.5,-82.5,2019,38,0.2,,,
42.5,-83.5,2019,38,0.19,,,
42.5,-82.5,2019,38,0.24,,,
41.5,-83.5,2019,39,0.52,,,
41.5,-82.5,2019,39,0.45,,,
42.5,-83.5,2019,39,0.47,,,
42.5,-82.5,2019,39,0.46,,,
41.5,-83.5,2019,40,0.58,,,
41.5,-82.5,2019,40,0.53,,,
42.5,-83.5,2019,40,0.56,,,
42.5,-82.5,2019,40,0.54,,,
41.5,-83.5,2019,41,0.39,,,
41.5,-82.5,2019,41,0.35,,,
42.5,-83.5,2019,41,0.38,,,
42.5,-82.5,2019,41,0.4,,,
41.5,-83.5,2019,42,0.21,,,
41.5,-82.5,2019,42,0.26,,,
42.5,-83.5,2019,42,0.24,,,
42.5,-82.5,2019,42,0.24,,,
41.5,-83.5,2019,43,0.24,,,
41.5,-82.5,2019,43,0.26,,,
42.5,-83.5,2019,43,0.18,,,
42.5,-82.5,2019,43,0.23,,,
41.5,-83.5,2019,44,0.44,,,
41.5,-82.5,2019,44,0.42,,,
42.5,-83.5,2019,44,0.27,,,
42.5,-82.5,2019,44,0.29,,,
41.5,-83.5,2019,45,0.32,,,
41.5,-82.5,2019,45,0.29,,,
42.5,-83.5,2019,45,0.24,,,
42.5,-82.5,2019,45,0.24,,,
41.5,-83.5,2019,46,0.42,,,
41.5,-82.5,2019,46,0.34,,,
42.5,-83.5,2019,46,0.43,,,
42.5,-82.5,2019,46,0.43,,,
41.5,-83.5,2019,47,0.3,,,
41.5,-82.5,2019,47,0.23,,,
42.5,-83.5,2019,47,0.25,,,
42.5,-82.5,2019,47,0.24,,,
41.5,-83.5,2019,48,0.21,,,
41.5,-82.5,2019,48,0.21,,,
42.5,-83.5,2019,48,0.23,,,
42.5,-82.5,2019,48,0.24,,,
41.5,-83.5,2019,49,0.45,,,
41.5,-82.5,2019,49,0.38,,,
42.5,-83.5,2019,49,0.39,,,
42.5,-82.5,2019,49,0.43,,,
41.5,-83.5,2019,50,0.46,,,
41.5,-82.5,2019,50,0.45,,,
42.5,-83.5,2019,50,0.45,,,
42.5,-82.5,2019,50,0.41,,,
41.5,-83.5,2019,51,0.33,,,
41.5,-82.5,2019,51,0.34,,,
42.5,-83.5,2019,51,0.29,,,
42.5,-82.5,2019,51,0.29,,,
41.5,-83.5,2019,52,0.74,,,
41.5,-82.5,2019,52,0.71,,,
42.5,-83.5,2019,52,0.74,,,
42.5,-82.5,2019,52,0.71,,,
41.5,-83.5,2019,53,0.78,,,
41.5,-82.5,2019,53,0.81,,,
42.5,-83.5,2019,53,0.74,,,
42.5,-82.5,2019,53,0.76,,,
41.5,-83.5,2019,54,0.59,,,
41.5,-82.5,2019,54,0.5,,,
42.5,-83.5,2019,54,0.59,,,
42.5,-82.5,2019,54,0.63,,,
41.5,-83.5,2019,55,0.29,,,
41.5,-82.5,2019,55,0.27,,,
42.5,-83.5,2019,55,0.32,,,
42.5,-82.5,2019,55,0.31,,,
41.5,-83.5,2019,56,0.64,,,
41.5,-82.5,2019,56,0.58,,,
42.5,-83.5,2019,56,0.58,,,
42.5,-82.5,2019,56,0.62,,,
41.5,-83.5,2019,57,0.39,,,
41.5,-82.5,2019,57,0.38,,,
42.5,-83.5,2019,57,0.43,,,
42.5,-82.5,2019,57,0.46,,,
41.5,-83.5,2019,58,0.39,,,
41.5,-82.5,2019,58,0.28,,,
42.5,-83.5,2019,58,0.26,,,
42.5,-82.5,2019,58,0.21,,,
41.5,-83.5,2019,59,0.67,,,
41.5,-82.5,2019,59,0.72,,,
42.5,-83.5,2019,59,0.54,,,
42.5,-82.5,2019,59,0.49,,,
41.5,-83.5,2019,60,0.66,,,
41.5,-82.5,2019,60,0.63,,,
42.5,-83.5,2019,60,0.58,,,
42.5,-82.5,2019,60,0.56,,,
41.5,-83.5,2019,61,0.44,,,
41.5,-82.5,2019,61,0.48,,,
42.5,-83.5,2019,61,0.36,,,
42.5,-82.5,2019,61,0.42,,,
41.5,-83.5,2019,62,0.35,,,
41.5,-82.5,2019,62,0.36,,,
42.5,-83.5,2019,62,0.36,,,
42.5,-82.5,2019,62,0.35,,,
41.5,-83.5,2019,63,0.5,,,
41.5,-82.5,2019,63,0.49,,,
42.5,-83.5,2019,63,0.41,,,
42.5,-82.5,2019,63,0.41,,,
41.5,-83.5,2019,64,0.45,,,
41.5,-82.5,2019,64,0.48,,,
42.5,-83.5,2019,64,0.4,,,
42.5,-82.5,2019,64,0.39,,,
41.5,-83.5,2019,65,0.4,,,
41.5,-82.5,2019,65,0.43,,,
42.5,-83.5,2019,65,0.35,,,
42.5,-82.5,2019,65,0.33,,,
41.5,-83.5,2019,66,0.55,,,
41.5,-82.5,2019,66,0.51,,,
42.5,-83.5,2019,66,0.5,,,
42.5,-82.5,2019,66,0.43,,,
41.5,-83.5,2019,67,0.66,,,
41.5,-82.5,2019,67,0.61,,,
42.5,-83.5,2019,67,0.55,,,
42.5,-82.5,2019,67,0.55,,,
41.5,-83.5,2019,68,0.5,,,
41.5,-82.5,2019,68,0.55,,,
42.5,-83.5,2019,68,0.5,,,
42.5,-82.5,2019,68,0.54,,,
41.5,-83.5,2019,69,0.35,,,
41.5,-82.5,2019,69,0.4,,,
42.5,-83.5,2019,69,0.2,,,
42.5,-82.5,2019,69,0.22,,,
41.5,-83.5,2019,70,0.79,,,
41.5,-82.5,2019,70,0.75,,,
42.5,-83.5,2019,70,0.83,,,
42.5,-82.5,2019,70,0.81,,,
41.5,-83.5,2019,71,0.83,,,
41.5,-82.5,2019,71,0.83,,,
42.5,-83.5,2019,71,0.76,,,
42.5,-82.5,2019,71,0.76,,,
41.5,-83.5,2019,72,0.58,,,
41.5,-82.5,2019,72,0.55,,,
42.5,-83.5,2019,72,0.45,,,
42.5,-82.5,2019,72,0.48,,,
41.5,-83.5,2019,73,0.39,,,
41.5,-82.5,2019,73,0.47,,,
42.5,-83.5,2019,73,0.29,,,
42.5,-82.5,2019,73,0.34,,,
41.5,-83.5,2019,74,0.46,,,
41.5,-82.5,2019,74,0.45,,,
42.5,-83.5,2019,74,0.43,,,
42.5,-82.5,2019,74,0.42,,,
41.5,-83.5,2019,75,0.77,,,
41.5,-82.5,2019,75,0.83,,,
42.5,-83.5,2019,75,0.68,,,
42.5,-82.5,2019,75,0.74,,,
41.5,-83.5,2019,76,0.72,,,
41.5,-82.5,2019,76,0.85,,,
42.5,-83.5,2019,76,0.75,,,
42.5,-82.5,2019,76,0.83,,,
41.5,-83.5,2019,77,0.68,,,
41.5,-82.5,2019,77,0.64,,,
42.5,-83.5,2019,77,0.66,,,
42.5,-82.5,2019,77,0.67,,,
41.5,-83.5,2019,78,0.7,,,
41.5,-82.5,2019,78,0.79,,,
42.5,-83.5,2019,78,0.76,,,
42.5,-82.5,2019,78,0.8,,,
41.5,-83.5,2019,79,0.44,,,
41.5,-82.5,2019,79,0.5,,,
42.5,-83.5,2019,79,0.33,,,
42.5,-82.5,2019,79,0.49,,,
41.5,-83.5,2019,80,0.38,,,
41.5,-82.5,2019,80,0.46,,,
42.5,-83.5,2019,80,0.35,,,
42.5,-82.5,2019,80,0.47,,,
41.5,-83.5,2019,81,0.69,,,
41.5,-82.5,2019,81,0.7,,,
42.5,-83.5,2019,81,0.68,,,
42.5,-82.5,2019,81,0.71,,,
41.5,-83.5,2019,82,1.01,,,
41.5,-82.5,2019,82,0.97,,,
42.5,-83.5,2019,82,0.93,,,
42.5,-82.5,2019,82,0.9,,,
41.5,-83.5,2019,83,0.54,,,
41.5,-82.5,2019,83,0.56,,,
42.5,-83.5,2019,83,0.74,,,
42.5,-82.5,2019,83,0.74,,,
41.5,-83.5,2019,84,1.12,,,
41.5,-82.5,2019,84,1.12,,,
42.5,-83.5,2019,84,1.15,,,
42.5,-82.5,2019,84,1.15,,,
41.5,-83.5,2019,85,1.33,,,
41.5,-82.5,2019,85,1.34,,,
42.5,-83.5,2019,85,1.34,,,
42.5,-82.5,2019,85,1.33,,,
41.5,-83.5,2019,86,1.22,,,
41.5,-82.5,2019,86,1.22,,,
42.5,-83.5,2019,86,1.12,,,
42.5,-82.5,2019,86,1.14,,,
41.5,-83.5,2019,87,0.92,,,
41.5,-82.5,2019,87,0.73,,,
42.5,-83.5,2019,87,0.98,,,
42.5,-82.5,2019,87,0.89,,,
41.5,-83.5,2019,88,0.65,,,
41.5,-82.5,2019,88,0.62,,,
42.5,-83.5,2019,88,1.01,,,
42.5,-82.5,2019,88,0.99,,,
41.5,-83.5,2019,89,0.52,,,
41.5,-82.5,2019,89,0.47,,,
42.5,-83.5,2019,89,0.56,,,
42.5,-82.5,2019,89,0.55,,,
41.5,-83.5,2019,90,0.83,,,
41.5,-82.5,2019,90,0.73,,,
42.5,-83.5,2019,90,0.78,,,
42.5,-82.5,2019,90,0.72,,,
41.5,-83.5,2019,91,0.97,,,
41.5,-82.5,2019,91,0.98,,,
42.5,-83.5,2019,91,0.95,,,
42.5,-82.5,2019,91,0.88,,,
41.5,-83.5,2019,92,1.07,,,
41.5,-82.5,2019,92,0.99,,,
42.5,-83.5,2019,92,1,,,
42.5,-82.5,2019,92,0.92,,,
41.5,-83.5,2019,93,1.07,,,
41.5,-82.5,2019,93,1.06,,,
42.5,-83.5,2019,93,1.01,,,
42.5,-82.5,2019,93,1.02,,,
41.5,-83.5,2019,94,0.57,,,
41.5,-82.5,2019,94,0.58,,,
42.5,-83.5,2019,94,0.74,,,
42.5,-82.5,2019,94,0.77,,,
41.5,-83.5,2019,95,0.87,,,
41.5,-82.5,2019,95,0.82,,,
42.5,-83.5,2019,95,0.81,,,
42.5,-82.5,2019,95,0.81,,,
41.5,-83.5,2019,96,1.19,,,
41.5,-82.5,2019,96,1.29,,,
42.5,-83.5,2019,96,1.09,,,
42.5,-82.5,2019,96,1.14,,,
41.5,-83.5,2019,97,0.89,,,
41.5,-82.5,2019,97,0.83,,,
42.5,-83.5,2019,97,0.88,,,
42.5,-82.5,2019,97,0.9,,,
41.5,-83.5,2019,98,1.11,,,
41.5,-82.5,2019,98,1.07,,,
42.5,-83.5,2019,98,1.31,,,
42.5,-82.5,2019,98,1.21,,,
41.5,-83.5,2019,99,1.47,,,
41.5,-82.5,2019,99,1.57,,,
42.5,-83.5,2019,99,1.34,,,
42.5,-82.5,2019,99,1.32,,,
41.5,-83.5,2019,100,1.03,,,
41.5,-82.5,2019,100,1.11,,,
42.5,-83.5,2019,100,0.97,,,
42.5,-82.5,2019,100,1.11,,,
41.5,-83.5,2019,101,1.2,,,
41.5,-82.5,2019,101,1.16,,,
42.5,-83.5,2019,101,1.16,,,
42.5,-82.5,2019,101,1.09,,,
41.5,-83.5,2019,102,1.16,,,
41.5,-82.5,2019,102,0.99,,,
42.5,-83.5,2019,102,1.25,,,
42.5,-82.5,2019,102,0.96,,,
41.5,-83.5,2019,103,1.34,,,
41.5,-82.5,2019,103,1.37,,,
42.5,-83.5,2019,103,1.39,,,
42.5,-82.5,2019,103,1.37,,,
41.5,-83.5,2019,104,0.28,,,
41.5,-82.5,2019,104,0.57,,,
42.5,-83.5,2019,104,0.28,,,
42.5,-82.5,2019,104,0.24,,,
41.5,-83.5,2019,105,1.42,,,
41.5,-82.5,2019,105,1.28,,,
42.5,-83.5,2019,105,1.37,,,
42.5,-82.5,2019,105,1.3,,,
41.5,-83.5,2019,106,1.35,,,
41.5,-82.5,2019,106,1.23,,,
42.5,-83.5,2019,106,0.9,,,
42.5,-82.5,2019,106,0.64,,,
41.5,-83.5,2019,107,1.04,,,
41.5,-82.5,2019,107,1.07,,,
42.5,-83.5,2019,107,1.13,,,
42.5,-82.5,2019,107,1.23,,,
41.5,-83.5,2019,108,0.75,,,
41.5,-82.5,2019,108,0.98,,,
42.5,-83.5,2019,108,0.64,,,
42.5,-82.5,2019,108,0.69,,,
41.5,-83.5,2019,109,0.72,,,
41.5,-82.5,2019,109,0.62,,,
42.5,-83.5,2019,109,0.7,,,
42.5,-82.5,2019,109,0.69,,,
41.5,-83.5,2019,110,0.54,,,
41.5,-82.5,2019,110,0.65,,,
42.5,-83.5,2019,110,0.41,,,
42.5,-82.5,2019,110,0.44,,,
41.5,-83.5,2019,111,1.45,,,
41.5,-82.5,2019,111,1.22,,,
42.5,-83.5,2019,111,1.45,,,
42.5,-82.5,2019,111,1.41,,,
41.5,-83.5,2019,112,1.87,,,
41.5,-82.5,2019,112,1.75,,,
42.5,-83.5,2019,112,1.86,,,
42.5,-82.5,2019,112,1.78,,,
41.5,-83.5,2019,113,1.47,,,
41.5,-82.5,2019,113,1.47,,,
42.5,-83.5,2019,113,1.27,,,
42.5,-82.5,2019,113,1.35,,,
41.5,-83.5,2019,114,1.57,,,
41.5,-82.5,2019,114,1.59,,,
42.5,-83.5,2019,114,1.64,,,
42.5,-82.5,2019,114,1.69,,,
41.5,-83.5,2019,115,0.99,,,
41.5,-82.5,2019,115,1.04,,,
42.5,-83.5,2019,115,0.99,,,
42.5,-82.5,2019,115,1.03,,,
41.5,-83.5,2019,116,1.07,,,
41.5,-82.5,2019,116,0.8,,,
42.5,-83.5,2019,116,1.18,,,
42.5,-82.5,2019,116,0.98,,,
41.5,-83.5,2019,117,1.1,,,
41.5,-82.5,2019,117,1.22,,,
42.5,-83.5,2019,117,1.16,,,
42.5,-82.5,2019,117,1.22,,,
41.5,-83.5,2019,118,1.64,,,
41.5,-82.5,2019,118,1.61,,,
42.5,-83.5,2019,118,1.61,,,
42.5,-82.5,2019,118,1.48,,,
41.5,-83.5,2019,119,0.49,,,
41.5,-82.5,2019,119,0.56,,,
42.5,-83.5,2019,119,0.41,,,
42.5,-82.5,2019,119,0.51,,,
41.5,-83.5,2019,120,0.75,,,
41.5,-82.5,2019,120,0.97,,,
42.5,-83.5,2019,120,0.94,,,
42.5,-82.5,2019,120,1.02,,,
41.5,-83.5,2019,121,0.83,,,
41.5,-82.5,2019,121,1.09,,,
42.5,-83.5,2019,121,0.91,,,
42.5,-82.5,2019,121,0.81,,,
41.5,-83.5,2019,122,0.94,,,
41.5,-82.5,2019,122,1.25,,,
42.5,-83.5,2019,122,1.02,,,
42.5,-82.5,2019,122,1.4,,,
41.5,-83.5,2019,123,0.66,,,
41.5,-82.5,2019,123,0.71,,,
42.5,-83.5,2019,123,0.97,,,
42.5,-82.5,2019,123,1.02,,,
41.5,-83.5,2019,124,1.1,,,
41.5,-82.5,2019,124,0.77,,,
42.5,-83.5,2019,124,1.67,,,
42.5,-82.5,2019,124,1.53,,,
41.5,-83.5,2019,125,1.97,,,
41.5,-82.5,2019,125,1.9,,,
42.5,-83.5,2019,125,1.82,,,
42.5,-82.5,2019,125,1.94,,,
41.5,-83.5,2019,126,1.64,,,
41.5,-82.5,2019,126,1.66,,,
42.5,-83.5,2019,126,1,,,
42.5,-82.5,2019,126,1.15,,,
41.5,-83.5,2019,127,1.14,,,
41.5,-82.5,2019,127,1.1,,,
42.5,-83.5,2019,127,0.86,,,
42.5,-82.5,2019,127,0.82,,,
41.5,-83.5,2019,128,1.61,,,
41.5,-82.5,2019,128,1.43,,,
42.5,-83.5,2019,128,1.28,,,
42.5,-82.5,2019,128,1.58,,,
41.5,-83.5,2019,129,0.78,,,
41.5,-82.5,2019,129,0.78,,,
42.5,-83.5,2019,129,0.89,,,
42.5,-82.5,2019,129,0.84,,,
41.5,-83.5,2019,130,1.18,,,
41.5,-82.5,2019,130,1.02,,,
42.5,-83.5,2019,130,1.46,,,
42.5,-82.5,2019,130,1.25,,,
41.5,-83.5,2019,131,1.55,,,
41.5,-82.5,2019,131,1.79,,,
42.5,-83.5,2019,131,1.07,,,
42.5,-82.5,2019,131,1.32,,,
41.5,-83.5,2019,132,0.73,,,
41.5,-82.5,2019,132,0.9,,,
42.5,-83.5,2019,132,0.92,,,
42.5,-82.5,2019,132,0.88,,,
41.5,-83.5,2019,133,0.79,,,
41.5,-82.5,2019,133,0.77,,,
42.5,-83.5,2019,133,0.9,,,
42.5,-82.5,2019,133,0.97,,,
41.5,-83.5,2019,134,1.63,,,
41.5,-82.5,2019,134,1.66,,,
42.5,-83.5,2019,134,1.62,,,
42.5,-82.5,2019,134,1.64,,,
41.5,-83.5,2019,135,1.51,,,
41.5,-82.5,2019,135,1.64,,,
42.5,-83.5,2019,135,1.37,,,
42.5,-82.5,2019,135,1.33,,,
41.5,-83.5,2019,136,1.53,,,
41.5,-82.5,2019,136,1.6,,,
42.5,-83.5,2019,136,1.45,,,
42.5,-82.5,2019,136,1.44,,,
41.5,-83.5,2019,137,1.04,,,
41.5,-82.5,2019,137,1.04,,,
42.5,-83.5,2019,137,1.22,,,
42.5,-82.5,2019,137,1.42,,,
41.5,-83.5,2019,138,1.87,,,
41.5,-82.5,2019,138,1.77,,,
42.5,-83.5,2019,138,1.5,,,
42.5,-82.5,2019,138,1.43,,,
41.5,-83.5,2019,139,0.81,,,
41.5,-82.5,2019,139,1.23,,,
42.5,-83.5,2019,139,0.85,,,
42.5,-82.5,2019,139,1.15,,,
41.5,-83.5,2019,140,1.27,,,
41.5,-82.5,2019,140,1.32,,,
42.5,-83.5,2019,140,1.27,,,
42.5,-82.5,2019,140,1.37,,,
41.5,-83.5,2019,141,1.12,,,
41.5,-82.5,2019,141,1.21,,,
42.5,-83.5,2019,141,1.61,,,
42.5,-82.5,2019,141,1.83,,,
41.5,-83.5,2019,142,1.24,,,
41.5,-82.5,2019,142,1.01,,,
42.5,-83.5,2019,142,1.48,,,
42.5,-82.5,2019,142,1.09,,,
41.5,-83.5,2019,143,2.05,,,
41.5,-82.5,2019,143,1.94,,,
42.5,-83.5,2019,143,2.14,,,
42.5,-82.5,2019,143,2,,,
41.5,-83.5,2019,144,1.18,,,
41.5,-82.5,2019,144,1.37,,,
42.5,-83.5,2019,144,0.99,,,
42.5,-82.5,2019,144,1,,,
41.5,-83.5,2019,145,1.79,,,
41.5,-82.5,2019,145,1.8,,,
42.5,-83.5,2019,145,1.77,,,
42.5,-82.5,2019,145,1.77,,,
41.5,-83.5,2019,146,1.02,,,
41.5,-82.5,2019,146,0.99,,,
42.5,-83.5,2019,146,0.98,,,
42.5,-82.5,2019,146,1.12,,,
41.5,-83.5,2019,147,2.35,,,
41.5,-82.5,2019,147,2.17,,,
42.5,-83.5,2019,147,2.21,,,
42.5,-82.5,2019,147,2.27,,,
41.5,-83.5,2019,148,1.75,,,
41.5,-82.5,2019,148,1.73,,,
42.5,-83.5,2019,148,1.68,,,
42.5,-82.5,2019,148,1.64,,,
41.5,-83.5,2019,149,1.66,,,
41.5,-82.5,2019,149,1.48,,,
42.5,-83.5,2019,149,1.21,,,
42.5,-82.5,2019,149,1.13,,,
41.5,-83.5,2019,150,1.54,,,
41.5,-82.5,2019,150,1.26,,,
42.5,-83.5,2019,150,1.3,,,
42.5,-82.5,2019,150,1.06,,,
41.5,-83.5,2019,151,1.71,,,
41.5,-82.5,2019,151,1.73,,,
42.5,-83.5,2019,151,1.63,,,
42.5,-82.5,2019,151,1.41,,,
41.5,-83.5,2019,152,1.04,,,
41.5,-82.5,2019,152,1.16,,,
42.5,-83.5,2019,152,0.73,,,
42.5,-82.5,2019,152,0.82,,,
41.5,-83.5,2019,153,1.68,,,
41.5,-82.5,2019,153,1.64,,,
42.5,-83.5,2019,153,1.86,,,
42.5,-82.5,2019,153,1.85,,,
41.5,-83.5,2019,154,1.82,,,
41.5,-82.5,2019,154,1.83,,,
42.5,-83.5,2019,154,1.87,,,
42.5,-82.5,2019,154,1.85,,,
41.5,-83.5,2019,155,0.8,,,
41.5,-82.5,2019,155,1.01,,,
42.5,-83.5,2019,155,1.18,,,
42.5,-82.5,2019,155,1.32,,,
41.5,-83.5,2019,156,1.51,,,
41.5,-82.5,2019,156,1.25,,,
42.5,-83.5,2019,156,1.4,,,
42.5,-82.5,2019,156,1.25,,,
41.5,-83.5,2019,157,1.11,,,
41.5,-82.5,2019,157,1.35,,,
42.5,-83.5,2019,157,1.47,,,
42.5,-82.5,2019,157,1.86,,,
41.5,-83.5,2019,158,2.12,,,
41.5,-82.5,2019,158,2.04,,,
42.5,-83.5,2019,158,2.33,,,
42.5,-82.5,2019,158,2.31,,,
41.5,-83.5,2019,159,1.87,,,
41.5,-82.5,2019,159,1.97,,,
42.5,-83.5,2019,159,2.09,,,
42.5,-82.5,2019,159,2.15,,,
41.5,-83.5,2019,160,1.14,,,
41.5,-82.5,2019,160,1.42,,,
42.5,-83.5,2019,160,0.97,,,
42.5,-82.5,2019,160,1.3,,,
41.5,-83.5,2019,161,1.21,,,
41.5,-82.5,2019,161,0.7,,,
42.5,-83.5,2019,161,0.97,,,
42.5,-82.5,2019,161,0.72,,,
41.5,-83.5,2019,162,2.27,,,
41.5,-82.5,2019,162,2.37,,,
42.5,-83.5,2019,162,2.2,,,
42.5,-82.5,2019,162,2.28,,,
41.5,-83.5,2019,163,2.12,,,
41.5,-82.5,2019,163,2.09,,,
42.5,-83.5,2019,163,1.82,,,
42.5,-82.5,2019,163,1.98,,,
41.5,-83.5,2019,164,0.83,,,
41.5,-82.5,2019,164,1.1,,,
42.5,-83.5,2019,164,0.88,,,
42.5,-82.5,2019,164,1.01,,,
41.5,-83.5,2019,165,1.91,,,
41.5,-82.5,2019,165,1.89,,,
42.5,-83.5,2019,165,1.66,,,
42.5,-82.5,2019,165,1.71,,,
41.5,-83.5,2019,166,0.53,,,
41.5,-82.5,2019,166,0.57,,,
42.5,-83.5,2019,166,0.86,,,
42.5,-82.5,2019,166,0.87,,,
41.5,-83.5,2019,167,0.97,,,
41.5,-82.5,2019,167,0.93,,,
42.5,-83.5,2019,167,0.8,,,
42.5,-82.5,2019,167,0.74,,,
41.5,-83.5,2019,168,1.25,,,
41.5,-82.5,2019,168,1.19,,,
42.5,-83.5,2019,168,1.29,,,
42.5,-82.5,2019,168,1.46,,,
41.5,-83.5,2019,169,1.97,,,
41.5,-82.5,2019,169,1.91,,,
42.5,-83.5,2019,169,1.72,,,
42.5,-82.5,2019,169,1.88,,,
41.5,-83.5,2019,170,1.75,,,
41.5,-82.5,2019,170,1.84,,,
42.5,-83.5,2019,170,1.56,,,
42.5,-82.5,2019,170,1.68,,,
41.5,-83.5,2019,171,0.47,,,
41.5,-82.5,2019,171,0.58,,,
42.5,-83.5,2019,171,0.63,,,
42.5,-82.5,2019,171,0.65,,,
41.5,-83.5,2019,172,2.16,,,
41.5,-82.5,2019,172,2.21,,,
42.5,-83.5,2019,172,2.18,,,
42.5,-82.5,2019,172,2.15,,,
41.5,-83.5,2019,173,2.28,,,
41.5,-82.5,2019,173,2.33,,,
42.5,-83.5,2019,173,2.31,,,
42.5,-82.5,2019,173,2.24,,,
41.5,-83.5,2019,174,2.01,,,
41.5,-82.5,2019,174,2.09,,,
42.5,-83.5,2019,174,1.97,,,
42.5,-82.5,2019,174,2.07,,,
41.5,-83.5,2019,175,1.42,,,
41.5,-82.5,2019,175,1.62,,,
42.5,-83.5,2019,175,1.21,,,
42.5,-82.5,2019,175,1.38,,,
41.5,-83.5,2019,176,2.32,,,
41.5,-82.5,2019,176,2.34,,,
42.5,-83.5,2019,176,2.32,,,
42.5,-82.5,2019,176,2.25,,,
41.5,-83.5,2019,177,2.16,,,
41.5,-82.5,2019,177,2.12,,,
42.5,-83.5,2019,177,2.28,,,
42.5,-82.5,2019,177,2.28,,,
41.5,-83.5,2019,178,2.11,,,
41.5,-82.5,2019,178,1.91,,,
42.5,-83.5,2019,178,2.16,,,
42.5,-82.5,2019,178,2.02,,,
41.5,-83.5,2019,179,2.19,,,
41.5,-82.5,2019,179,2.1,,,
42.5,-83.5,2019,179,1.92,,,
42.5,-82.5,2019,179,1.94,,,